Workbook

Sheet 1_Informacion
A1: SENA - Servicio Nacional de Aprendizaje
A2: Evidencia GA4-220501104-AA1-EV01
A3: Simulacion de subredes y direccionamiento IPv4 e IPv6
A5: DATOS DE ENTREGA
A6: Aprendiz: | B6: (nombre completo)
A7: Documento:
A8: Ficha:
A9: Programa: | B9: Analisis y Desarrollo de Software
A10: Competencia: | B10: Implementar el esquema de subredes y direccionamiento IPv4 e IPv6
A11: Instructor:
A12: Fecha entrega:
A14: PROYECTO
A15: Empresa: | B15: Enter Ltda.
A16: Sede: | B16: Principal (edificio unico)
A17: Herramienta: | B17: Cisco Packet Tracer
A18: Producto: | B18: Archivo .pkt + Tabla de direccionamiento (.xlsx)
A19: Red base IPv4: | B19: 192.168.1.0/24
A20: Prefijo IPv6: | B20: 2001:DB8:ACAD::/48
A22: CONTENIDO DEL LIBRO
A23: 1_Informacion | B23: Portada y datos de la entrega
A24: 2_Requerimientos | B24: Tabla con las 4 VLANs y hosts requeridos
A25: 3_VLSM_IPv4 | B25: Calculos paso a paso de VLSM
A26: 4_Tabla_IPv4 | B26: Tabla final de direccionamiento IPv4
A27: 5_IPv6 | B27: Calculo y tabla de direccionamiento IPv6
A28: 6_Puertos_Switch | B28: Asignacion de puertos VLAN en SW1
A29: 7_Verificacion | B29: Matriz de pruebas ping IPv4 / IPv6
A30: 8_Resumen_Router | B30: Resumen de configuracion de R1

Sheet 2_Requerimientos
A1: Requerimientos de la red - Enter Ltda.
A2: Edite la columna 'Hosts requeridos' si el escenario cambia. Los calculos de las demas hojas se ajustaran automaticamente.
A4: VLAN ID | B4: Nombre | C4: Hosts requeridos | D4: Hosts + 2 (red + bcast) | E4: Bits de host minimos | F4: Hosts disponibles (2^bits)
A5: 10 | B5: Administrativa | C5: 20 | D5: =C5+2 -> 22 | E5: =CEILING(LOG(D5,2),1) -> 5 | F5: =POWER(2,E5) -> 32
A6: 20 | B6: Financiera | C6: 50 | D6: =C6+2 -> 52 | E6: =CEILING(LOG(D6,2),1) -> 6 | F6: =POWER(2,E6) -> 64
A7: 30 | B7: Tecnicos | C7: 20 | D7: =C7+2 -> 22 | E7: =CEILING(LOG(D7,2),1) -> 5 | F7: =POWER(2,E7) -> 32
A8: 40 | B8: Visitantes | C8: 100 | D8: =C8+2 -> 102 | E8: =CEILING(LOG(D8,2),1) -> 7 | F8: =POWER(2,E8) -> 128
A11: Leyenda: | B11: Celdas AZULES = entradas del usuario. Celdas NEGRAS = formulas automaticas.
A13: EXPLICACION DE FORMULAS
A14: Hosts + 2 | B14: Se agregan la direccion de red y la de broadcast que NO se asignan a dispositivos.
A15: Bits de host | B15: CEILING(LOG(hosts+2, 2)) = minimo numero de bits para representar todas las direcciones.
A16: Hosts disponibles | B16: 2^bits = cantidad total de direcciones del bloque, incluyendo red y broadcast.
A17: Prefijo (/n) | B17: 32 - bits de host. Se usa en las hojas 3_VLSM_IPv4 y 4_Tabla_IPv4.

Sheet 3_VLSM_IPv4
A1: Calculo VLSM IPv4 - Red base 192.168.1.0/24
A2: VLSM asigna PRIMERO la subred que necesita mas hosts. Se ordena la tabla descendente por 'Hosts requeridos' y se acumula el ultimo octeto desde 0.
A4: PARAMETROS DE RED BASE
A5: Red base | B5: 192.168.1.0/24 | C5: Octeto inicial (4to) | D5: 0
A7: Orden | B7: VLAN | C7: Nombre | D7: Hosts req. | E7: Hosts + 2 | F7: Bits host | G7: Prefijo / | H7: Hosts disp. | I7: Red (oct4) | J7: Broadcast (oct4) | K7: 1ra usable (oct4) | L7: Ultima usable (oct4) | M7: Red completa | N7: Mascara
A8: 1 | B8: 40 | C8: Visitantes | D8: 100 | E8: =D8+2 -> 102 | F8: =CEILING(LOG(E8,2),1) -> 7 | G8: =32-F8 -> 25 | H8: =POWER(2,F8) -> 128 | I8: =$D$5 -> 0 | J8: =I8+H8-1 -> 127 | K8: =I8+1 -> 1 | L8: =J8-1 -> 126 | M8: ="192.168.1."&I8&"/"&G8 -> 192.168.1.0/25 | N8: ="255.255.255."&(256-H8) -> 255.255.255.128
A9: 2 | B9: 20 | C9: Financiera | D9: 50 | E9: =D9+2 -> 52 | F9: =CEILING(LOG(E9,2),1) -> 6 | G9: =32-F9 -> 26 | H9: =POWER(2,F9) -> 64 | I9: =J8+1 -> 128 | J9: =I9+H9-1 -> 191 | K9: =I9+1 -> 129 | L9: =J9-1 -> 190 | M9: ="192.168.1."&I9&"/"&G9 -> 192.168.1.128/26 | N9: ="255.255.255."&(256-H9) -> 255.255.255.192
A10: 3 | B10: 10 | C10: Administrativa | D10: 20 | E10: =D10+2 -> 22 | F10: =CEILING(LOG(E10,2),1) -> 5 | G10: =32-F10 -> 27 | H10: =POWER(2,F10) -> 32 | I10: =J9+1 -> 192 | J10: =I10+H10-1 -> 223 | K10: =I10+1 -> 193 | L10: =J10-1 -> 222 | M10: ="192.168.1."&I10&"/"&G10 -> 192.168.1.192/27 | N10: ="255.255.255."&(256-H10) -> 255.255.255.224
A11: 4 | B11: 30 | C11: Tecnicos | D11: 20 | E11: =D11+2 -> 22 | F11: =CEILING(LOG(E11,2),1) -> 5 | G11: =32-F11 -> 27 | H11: =POWER(2,F11) -> 32 | I11: =J10+1 -> 224 | J11: =I11+H11-1 -> 255 | K11: =I11+1 -> 225 | L11: =J11-1 -> 254 | M11: ="192.168.1."&I11&"/"&G11 -> 192.168.1.224/27 | N11: ="255.255.255."&(256-H11) -> 255.255.255.224
A13: TOTALES | B13: Hosts asignados: | D13: =SUM(D8:D11) -> 190 | E13: Hosts totales bloque: | H13: =SUM(H8:H11) -> 256
A15: COMO SE LEE ESTA TABLA
A16: 1. La tabla se ordena de MAYOR a MENOR por 'Hosts req.' (principio VLSM).
A17: 2. 'Bits host' = CEILING(LOG2(hosts+2)). Es el minimo numero de bits para el bloque.
A18: 3. 'Prefijo' = 32 - bits de host. Las VLAN pequenas reciben prefijos mas grandes (/27).
A19: 4. 'Red (oct4)' comienza en 0 y cada siguiente VLAN parte del broadcast anterior + 1.
A20: 5. 'Broadcast' = Red + Hosts disponibles - 1. El '1ra usable' y 'ultima usable' son el rango asignable.
A21: 6. 'Red completa' concatena los tres primeros octetos fijos con el 4to calculado.

Sheet 4_Tabla_IPv4
A1: Tabla final de direccionamiento IPv4
A2: Esta tabla toma los resultados de '3_VLSM_IPv4' y los ordena por VLAN ID. Es la que se entrega al instructor.
A4: VLAN | B4: Nombre | C4: Hosts req. | D4: Red | E4: Mascara decimal | F4: Prefijo | G4: Rango usable | H4: Broadcast | I4: Gateway
A5: 10 | B5: =INDEX('3_VLSM_IPv4'!$C$8:$C$11, MATCH(A5,'3_VLSM_IPv4'!$B$8:$B$11,0)) -> Administrativa | C5: =INDEX('3_VLSM_IPv4'!$D$8:$D$11, MATCH(A5,'3_VLSM_IPv4'!$B$8:$B$11,0)) -> 20 | D5: ="192.168.1."&INDEX('3_VLSM_IPv4'!$I$8:$I$11, MATCH(A5,'3_VLSM_IPv4'!$B$8:$B$11,0)) -> 192.168.1.192 | E5: =INDEX('3_VLSM_IPv4'!$N$8:$N$11, MATCH(A5,'3_VLSM_IPv4'!$B$8:$B$11,0)) -> 255.255.255.224 | F5: ="/"&INDEX('3_VLSM_IPv4'!$G$8:$G$11, MATCH(A5,'3_VLSM_IPv4'!$B$8:$B$11,0)) -> /27 | G5: ="192.168.1."&INDEX('3_VLSM_IPv4'!$K$8:$K$11, MATCH(A5,'3_VLSM_IPv4'!$B$8:$B$11,0))&" - 192.168.1."&INDEX('3_VLSM_IPv4'!$L$8:$L$11, MATCH(A5,'3_VLSM_IPv4'!$B$8:$B$11,0)) -> 192.168.1.193 - 192.168.1.222 | H5: ="192.168.1."&INDEX('3_VLSM_IPv4'!$J$8:$J$11, MATCH(A5,'3_VLSM_IPv4'!$B$8:$B$11,0)) -> 192.168.1.223 | I5: ="192.168.1."&INDEX('3_VLSM_IPv4'!$K$8:$K$11, MATCH(A5,'3_VLSM_IPv4'!$B$8:$B$11,0)) -> 192.168.1.193
A6: 20 | B6: =INDEX('3_VLSM_IPv4'!$C$8:$C$11, MATCH(A6,'3_VLSM_IPv4'!$B$8:$B$11,0)) -> Financiera | C6: =INDEX('3_VLSM_IPv4'!$D$8:$D$11, MATCH(A6,'3_VLSM_IPv4'!$B$8:$B$11,0)) -> 50 | D6: ="192.168.1."&INDEX('3_VLSM_IPv4'!$I$8:$I$11, MATCH(A6,'3_VLSM_IPv4'!$B$8:$B$11,0)) -> 192.168.1.128 | E6: =INDEX('3_VLSM_IPv4'!$N$8:$N$11, MATCH(A6,'3_VLSM_IPv4'!$B$8:$B$11,0)) -> 255.255.255.192 | F6: ="/"&INDEX('3_VLSM_IPv4'!$G$8:$G$11, MATCH(A6,'3_VLSM_IPv4'!$B$8:$B$11,0)) -> /26 | G6: ="192.168.1."&INDEX('3_VLSM_IPv4'!$K$8:$K$11, MATCH(A6,'3_VLSM_IPv4'!$B$8:$B$11,0))&" - 192.168.1."&INDEX('3_VLSM_IPv4'!$L$8:$L$11, MATCH(A6,'3_VLSM_IPv4'!$B$8:$B$11,0)) -> 192.168.1.129 - 192.168.1.190 | H6: ="192.168.1."&INDEX('3_VLSM_IPv4'!$J$8:$J$11, MATCH(A6,'3_VLSM_IPv4'!$B$8:$B$11,0)) -> 192.168.1.191 | I6: ="192.168.1."&INDEX('3_VLSM_IPv4'!$K$8:$K$11, MATCH(A6,'3_VLSM_IPv4'!$B$8:$B$11,0)) -> 192.168.1.129
A7: 30 | B7: =INDEX('3_VLSM_IPv4'!$C$8:$C$11, MATCH(A7,'3_VLSM_IPv4'!$B$8:$B$11,0)) -> Tecnicos | C7: =INDEX('3_VLSM_IPv4'!$D$8:$D$11, MATCH(A7,'3_VLSM_IPv4'!$B$8:$B$11,0)) -> 20 | D7: ="192.168.1."&INDEX('3_VLSM_IPv4'!$I$8:$I$11, MATCH(A7,'3_VLSM_IPv4'!$B$8:$B$11,0)) -> 192.168.1.224 | E7: =INDEX('3_VLSM_IPv4'!$N$8:$N$11, MATCH(A7,'3_VLSM_IPv4'!$B$8:$B$11,0)) -> 255.255.255.224 | F7: ="/"&INDEX('3_VLSM_IPv4'!$G$8:$G$11, MATCH(A7,'3_VLSM_IPv4'!$B$8:$B$11,0)) -> /27 | G7: ="192.168.1."&INDEX('3_VLSM_IPv4'!$K$8:$K$11, MATCH(A7,'3_VLSM_IPv4'!$B$8:$B$11,0))&" - 192.168.1."&INDEX('3_VLSM_IPv4'!$L$8:$L$11, MATCH(A7,'3_VLSM_IPv4'!$B$8:$B$11,0)) -> 192.168.1.225 - 192.168.1.254 | H7: ="192.168.1."&INDEX('3_VLSM_IPv4'!$J$8:$J$11, MATCH(A7,'3_VLSM_IPv4'!$B$8:$B$11,0)) -> 192.168.1.255 | I7: ="192.168.1."&INDEX('3_VLSM_IPv4'!$K$8:$K$11, MATCH(A7,'3_VLSM_IPv4'!$B$8:$B$11,0)) -> 192.168.1.225
A8: 40 | B8: =INDEX('3_VLSM_IPv4'!$C$8:$C$11, MATCH(A8,'3_VLSM_IPv4'!$B$8:$B$11,0)) -> Visitantes | C8: =INDEX('3_VLSM_IPv4'!$D$8:$D$11, MATCH(A8,'3_VLSM_IPv4'!$B$8:$B$11,0)) -> 100 | D8: ="192.168.1."&INDEX('3_VLSM_IPv4'!$I$8:$I$11, MATCH(A8,'3_VLSM_IPv4'!$B$8:$B$11,0)) -> 192.168.1.0 | E8: =INDEX('3_VLSM_IPv4'!$N$8:$N$11, MATCH(A8,'3_VLSM_IPv4'!$B$8:$B$11,0)) -> 255.255.255.128 | F8: ="/"&INDEX('3_VLSM_IPv4'!$G$8:$G$11, MATCH(A8,'3_VLSM_IPv4'!$B$8:$B$11,0)) -> /25 | G8: ="192.168.1."&INDEX('3_VLSM_IPv4'!$K$8:$K$11, MATCH(A8,'3_VLSM_IPv4'!$B$8:$B$11,0))&" - 192.168.1."&INDEX('3_VLSM_IPv4'!$L$8:$L$11, MATCH(A8,'3_VLSM_IPv4'!$B$8:$B$11,0)) -> 192.168.1.1 - 192.168.1.126 | H8: ="192.168.1."&INDEX('3_VLSM_IPv4'!$J$8:$J$11, MATCH(A8,'3_VLSM_IPv4'!$B$8:$B$11,0)) -> 192.168.1.127 | I8: ="192.168.1."&INDEX('3_VLSM_IPv4'!$K$8:$K$11, MATCH(A8,'3_VLSM_IPv4'!$B$8:$B$11,0)) -> 192.168.1.1
A10: TOTAL HOSTS ASIGNADOS | C10: =SUM(C5:C8) -> 190

Sheet 5_IPv6
A1: Direccionamiento IPv6 - Prefijo 2001:DB8:ACAD::/48
A2: IPv6 no requiere VLSM: cada subred usa un /64 completo. Codificamos el ID de VLAN en el 4to grupo del prefijo para que sea facil identificar a que red pertenece.
A4: PARAMETROS
A5: Prefijo global | B5: 2001:DB8:ACAD | C5: Prefijo por VLAN | D5: /64 | E5: Host ID R1 | F5: ::1
A7: TABLA DE DIRECCIONAMIENTO IPv6
A8: VLAN | B8: Nombre | C8: Prefijo de subred | D8: Gateway (R1) | E8: Primer host | F8: Ultimo host | G8: Direcciones
A9: 10 | B9: Administrativa | C9: =$B$5&":"&"10"&"::"&$D$5 -> 2001:DB8:ACAD:10::/64 | D9: =$B$5&":"&"10"&$F$5 -> 2001:DB8:ACAD:10::1 | E9: =$B$5&":"&"10"&"::2" -> 2001:DB8:ACAD:10::2 | F9: =$B$5&":"&"10"&":FFFF:FFFF:FFFF:FFFE" -> 2001:DB8:ACAD:10:FFFF:FFFF:FFFF:FFFE | G9: =POWER(2,64) -> 1.8446744e+19
A10: 20 | B10: Financiera | C10: =$B$5&":"&"20"&"::"&$D$5 -> 2001:DB8:ACAD:20::/64 | D10: =$B$5&":"&"20"&$F$5 -> 2001:DB8:ACAD:20::1 | E10: =$B$5&":"&"20"&"::2" -> 2001:DB8:ACAD:20::2 | F10: =$B$5&":"&"20"&":FFFF:FFFF:FFFF:FFFE" -> 2001:DB8:ACAD:20:FFFF:FFFF:FFFF:FFFE | G10: =POWER(2,64) -> 1.8446744e+19
A11: 30 | B11: Tecnicos | C11: =$B$5&":"&"30"&"::"&$D$5 -> 2001:DB8:ACAD:30::/64 | D11: =$B$5&":"&"30"&$F$5 -> 2001:DB8:ACAD:30::1 | E11: =$B$5&":"&"30"&"::2" -> 2001:DB8:ACAD:30::2 | F11: =$B$5&":"&"30"&":FFFF:FFFF:FFFF:FFFE" -> 2001:DB8:ACAD:30:FFFF:FFFF:FFFF:FFFE | G11: =POWER(2,64) -> 1.8446744e+19
A12: 40 | B12: Visitantes | C12: =$B$5&":"&"40"&"::"&$D$5 -> 2001:DB8:ACAD:40::/64 | D12: =$B$5&":"&"40"&$F$5 -> 2001:DB8:ACAD:40::1 | E12: =$B$5&":"&"40"&"::2" -> 2001:DB8:ACAD:40::2 | F12: =$B$5&":"&"40"&":FFFF:FFFF:FFFF:FFFE" -> 2001:DB8:ACAD:40:FFFF:FFFF:FFFF:FFFE | G12: =POWER(2,64) -> 1.8446744e+19
A14: DATOS ADICIONALES IPv6
A15: Tipo de direccion | B15: Unicast Global (documentacion 2001:DB8::/32)
A16: Link-local (automatica) | B16: FE80::/10 (se forma con EUI-64)
A17: Multicast todos los nodos | B17: FF02::1
A18: Multicast todos los routers | B18: FF02::2
A19: Loopback | B19: ::1/128
A20: Asignacion en host | B20: SLAAC, DHCPv6 o estatica

Sheet 6_Puertos_Switch
A1: Asignacion de puertos en SW1 (Switch 2960)
A2: Rango de puertos sugerido para cada VLAN. Ajustelo a la cantidad de hosts reales que conectara en Packet Tracer.
A4: VLAN | B4: Nombre | C4: Rango de puertos | D4: Modo | E4: Cantidad | F4: Ejemplo de comando
A5: 10 | B5: Administrativa | C5: Fa0/1 - Fa0/5 | D5: access | E5: 5 | F5: ="interface range "&C5&" ; switchport mode access ; switchport access vlan "&A5 -> interface range Fa0/1 - Fa0/5 ; switchport mode access ; switchport access vlan 10
A6: 20 | B6: Financiera | C6: Fa0/6 - Fa0/15 | D6: access | E6: 10 | F6: ="interface range "&C6&" ; switchport mode access ; switchport access vlan "&A6 -> interface range Fa0/6 - Fa0/15 ; switchport mode access ; switchport access vlan 20
A7: 30 | B7: Tecnicos | C7: Fa0/16 - Fa0/20 | D7: access | E7: 5 | F7: ="interface range "&C7&" ; switchport mode access ; switchport access vlan "&A7 -> interface range Fa0/16 - Fa0/20 ; switchport mode access ; switchport access vlan 30
A8: 40 | B8: Visitantes | C8: Fa0/21 - Fa0/24 | D8: access | E8: 4 | F8: ="interface range "&C8&" ; switchport mode access ; switchport access vlan "&A8 -> interface range Fa0/21 - Fa0/24 ; switchport mode access ; switchport access vlan 40
A10: PUERTO TRONCAL (HACIA R1)
A11: Puerto: | B11: Gi0/1 | C11: Modo: | D11: trunk (802.1Q) | E11: allowed vlan 10,20,30,40

Sheet 7_Verificacion
A1: Matriz de pruebas de conectividad
A2: Complete la columna 'Resultado' despues de ejecutar cada ping en Packet Tracer. Debe haber conectividad intra-VLAN e inter-VLAN en IPv4 e IPv6.
A4: PRUEBAS IPv4
A5: # | B5: Origen (PC) | C5: VLAN | D5: Destino (IP) | E5: Tipo de prueba | F5: Comando | G5: Resultado
A6: 1 | B6: PC-Admin | C6: 10 | D6: 192.168.1.193 | E6: Gateway propio | F6: ping 192.168.1.193
A7: 2 | B7: PC-Admin | C7: 10 | D7: 192.168.1.129 | E7: Inter-VLAN a Finan. | F7: ping 192.168.1.129
A8: 3 | B8: PC-Financiera | C8: 20 | D8: 192.168.1.193 | E8: Inter-VLAN a Admin. | F8: ping 192.168.1.193
A9: 4 | B9: PC-Tecnico | C9: 30 | D9: 192.168.1.1 | E9: Inter-VLAN a Visit. | F9: ping 192.168.1.1
A10: 5 | B10: PC-Visitante | C10: 40 | D10: 192.168.1.225 | E10: Inter-VLAN a Tecnic. | F10: ping 192.168.1.225
A11: 6 | B11: PC-Admin | C11: 10 | D11: 192.168.1.194 | E11: Intra-VLAN (otro Admin) | F11: ping 192.168.1.194
A14: PRUEBAS IPv6
A15: # | B15: Origen (PC) | C15: VLAN | D15: Destino (IP) | E15: Tipo de prueba | F15: Comando | G15: Resultado
A16: 1 | B16: PC-Admin | C16: 10 | D16: 2001:DB8:ACAD:10::1 | E16: Gateway propio | F16: ping 2001:DB8:ACAD:10::1
A17: 2 | B17: PC-Admin | C17: 10 | D17: 2001:DB8:ACAD:20::1 | E17: Inter-VLAN a Finan. | F17: ping 2001:DB8:ACAD:20::1
A18: 3 | B18: PC-Financiera | C18: 20 | D18: 2001:DB8:ACAD:30::1 | E18: Inter-VLAN a Tecnic. | F18: ping 2001:DB8:ACAD:30::1
A19: 4 | B19: PC-Tecnico | C19: 30 | D19: 2001:DB8:ACAD:40::1 | E19: Inter-VLAN a Visit. | F19: ping 2001:DB8:ACAD:40::1
A20: 5 | B20: PC-Visitante | C20: 40 | D20: 2001:DB8:ACAD:10::1 | E20: Inter-VLAN a Admin. | F20: ping 2001:DB8:ACAD:10::1
A21: 6 | B21: PC-Admin | C21: 10 | D21: 2001:DB8:ACAD:10::2 | E21: Intra-VLAN (otro Admin) | F21: ping 2001:DB8:ACAD:10::2
A23: Total pruebas con resultado = OK: | G23: =COUNTIF(G6:G11,"OK")+COUNTIF(G16:G21,"OK") -> 0

Sheet 8_Resumen_Router
A1: Resumen de configuracion de R1 (Router 2911)
A2: Las interfaces, IPs y comandos se generan automaticamente a partir de las tablas anteriores.
A4: Interface | B4: Comando IOS | C4: Proposito
A5: Gi0/0.10 | B5: ="encapsulation dot1Q "&10 -> encapsulation dot1Q 10 | C5: VLAN 10: marca el trafico 802.1Q
A6: Gi0/0.10 | B6: ="ip address 192.168.1."&INDEX('3_VLSM_IPv4'!$K$8:$K$11, MATCH(10,'3_VLSM_IPv4'!$B$8:$B$11,0))&" "&INDEX('3_VLSM_IPv4'!$N$8:$N$11, MATCH(10,'3_VLSM_IPv4'!$B$8:$B$11,0)) -> ip address 192.168.1.193 255.255.255.224 | C6: Gateway IPv4 de la VLAN
A7: Gi0/0.10 | B7: ="ipv6 address 2001:DB8:ACAD:"&10&"::1/64" -> ipv6 address 2001:DB8:ACAD:10::1/64 | C7: Gateway IPv6 de la VLAN
A8: Gi0/0.10 | B8: no shutdown | C8: Habilita la subinterfaz
A10: Gi0/0.20 | B10: ="encapsulation dot1Q "&20 -> encapsulation dot1Q 20 | C10: VLAN 20: marca el trafico 802.1Q
A11: Gi0/0.20 | B11: ="ip address 192.168.1."&INDEX('3_VLSM_IPv4'!$K$8:$K$11, MATCH(20,'3_VLSM_IPv4'!$B$8:$B$11,0))&" "&INDEX('3_VLSM_IPv4'!$N$8:$N$11, MATCH(20,'3_VLSM_IPv4'!$B$8:$B$11,0)) -> ip address 192.168.1.129 255.255.255.192 | C11: Gateway IPv4 de la VLAN
A12: Gi0/0.20 | B12: ="ipv6 address 2001:DB8:ACAD:"&20&"::1/64" -> ipv6 address 2001:DB8:ACAD:20::1/64 | C12: Gateway IPv6 de la VLAN
A13: Gi0/0.20 | B13: no shutdown | C13: Habilita la subinterfaz
A15: Gi0/0.30 | B15: ="encapsulation dot1Q "&30 -> encapsulation dot1Q 30 | C15: VLAN 30: marca el trafico 802.1Q
A16: Gi0/0.30 | B16: ="ip address 192.168.1."&INDEX('3_VLSM_IPv4'!$K$8:$K$11, MATCH(30,'3_VLSM_IPv4'!$B$8:$B$11,0))&" "&INDEX('3_VLSM_IPv4'!$N$8:$N$11, MATCH(30,'3_VLSM_IPv4'!$B$8:$B$11,0)) -> ip address 192.168.1.225 255.255.255.224 | C16: Gateway IPv4 de la VLAN
A17: Gi0/0.30 | B17: ="ipv6 address 2001:DB8:ACAD:"&30&"::1/64" -> ipv6 address 2001:DB8:ACAD:30::1/64 | C17: Gateway IPv6 de la VLAN
A18: Gi0/0.30 | B18: no shutdown | C18: Habilita la subinterfaz
A20: Gi0/0.40 | B20: ="encapsulation dot1Q "&40 -> encapsulation dot1Q 40 | C20: VLAN 40: marca el trafico 802.1Q
A21: Gi0/0.40 | B21: ="ip address 192.168.1."&INDEX('3_VLSM_IPv4'!$K$8:$K$11, MATCH(40,'3_VLSM_IPv4'!$B$8:$B$11,0))&" "&INDEX('3_VLSM_IPv4'!$N$8:$N$11, MATCH(40,'3_VLSM_IPv4'!$B$8:$B$11,0)) -> ip address 192.168.1.1 255.255.255.128 | C21: Gateway IPv4 de la VLAN
A22: Gi0/0.40 | B22: ="ipv6 address 2001:DB8:ACAD:"&40&"::1/64" -> ipv6 address 2001:DB8:ACAD:40::1/64 | C22: Gateway IPv6 de la VLAN
A23: Gi0/0.40 | B23: no shutdown | C23: Habilita la subinterfaz
A26: COMANDOS GLOBALES
A27: - | B27: enable | C27: Modo privilegiado
A28: - | B28: configure terminal | C28: Modo configuracion
A29: - | B29: hostname R1 | C29: Nombre del router
A30: - | B30: ipv6 unicast-routing | C30: Activa enrutamiento IPv6
A31: - | B31: interface gigabitEthernet 0/0 | C31: Entra a la fisica
A32: - | B32: no shutdown | C32: Habilita la fisica
A33: - | B33: do write memory | C33: Guarda en startup-config
